model,MAE,RMSE,MAPE
LightGBM (base),15091.072208038137,51527.947167374805,104.59176538884608
LightGBM (tuned),15585.094050164167,52766.00204882885,106.75404554053955
CatBoost,17066.402338678658,60198.51141869209,111.30973556148642
Ridge,19246.176810836183,60754.5496295623,135.08158776974744
Median baseline,23102.974314329735,65949.30869352716,273.7392262788603
