model,MAE,RMSE,MAPE
LightGBM (tuned),15336.576773557092,52197.35809173364,97.75867060771162
LightGBM (base),15559.4192796821,52735.91485593265,120.67047743613418
CatBoost,16984.7753903098,60034.77908132533,119.11196077562067
Ridge,19262.910937659326,60592.70859989642,138.38044364202446
Median baseline,23102.974314329735,65949.30869352716,273.7392262788603
