model,MAE,RMSE,MAPE
LightGBM (tuned),13754.498867695133,46791.30120019576,107.98251551669577
LightGBM (base),14385.39241991113,49670.00306238603,115.5297092091151
CatBoost,16984.7753903098,60034.77908132533,119.11196077562067
Ridge,19262.910937659326,60592.70859989642,138.38044364202446
Median baseline,23102.974314329735,65949.30869352716,273.7392262788603
