model,MAE,RMSE,MAPE
LightGBM (base),15546.225107606397,53241.380203653855,115.36143627502236
LightGBM (tuned),15679.612998578781,54113.44301442343,105.36660434899584
CatBoost,16943.035623170144,60170.54123993234,105.48124824818174
Ridge,19243.612834612013,60821.2675760746,134.61858351622323
Median baseline,23102.974314329735,65949.30869352716,273.7392262788603
